query,title,url,description,contact_number,Company board members,screenshot
plumber in sydney,Killara Plumbing | Specialist Upper North Shore Sydney Plumber,https://www.killaraplumbing.com.au/,"Blocked drains, hot water, toilet repairs, pipe relining & more. Get in touch today! Get fixed...",No contact number found,,media/data/plumber in sydney/plumber in sydney_0.png
plumber in sydney,Sydney Plumber - Emergency 24/7 Available,https://www.groundupplumbingandgas.com.au/,"Great Service & Happy Clients Means Everything to Us. Taps, Toilets, Sinks, Gutters & more",0425374231,,media/data/plumber in sydney/plumber in sydney_1.png
plumber in sydney,Fully Licensed Plumbers - emergency plumbing repair service,https://www.accreditedplumbingsouthcoast.com.au/,Fully Licensed. We Turn Up On Time. Gas/HWS/Toilets/Taps/Emergencies,150.4791918,,media/data/plumber in sydney/plumber in sydney_2.png
plumber in sydney,TASM Plumbing - Local Plumbers - $0 Call Out,https://tasmplumbing.com.au/,Looking for a local plumber you can trust? TASM Plumbing is a family owned business. Our...,No contact number found,,media/data/plumber in sydney/plumber in sydney_3.png
plumber in sydney,Plumbing Sydney - Plumbers Near Me,https://www.sydplumbinginspectors.com.au/,"Upfront Rates . Request A Call Back. Weekday Rates On Weekends. Highly Trained Staff. 24 Hour Plumbers, $0 Call Out* On Time 24/7. No Hidden Costs. We Have 5 Star Reviews. Family-Owned & Operated. View Services. Expert Plumbers.",,,media/data/plumber in sydney/plumber in sydney_8.png
plumber in sydney,Residential Plumbing Services Sydney | Bear Plumbing,https://www.bearplumbing.com.au/residential/,We Are Dedicated to Offering Affordable Plumbing and World-class Service. Call...,,,media/data/plumber in sydney/plumber in sydney_9.png
plumber in sydney,Drain Plumbers Sydney NSW,https://www.swiftplumbing.com.au/,60 Minute Fast Service. 24 hrs All Sydney areas. Free Hot Water Inspection.,,,media/data/plumber in sydney/plumber in sydney_10.png
plumber in sydney,Local Plumbers - Request A Quote - Hot Water Repairs,https://priorityplusplumbing.com.au/,Local 24 hour drain specialists in Sydney ready for emergency clearing of blocked drain,0289995019,"['The Boulevarde', 'New South', 'Priority Plus', 'The Boulevarde', 'New South', 'Priority Plus', 'Hour Emergency', 'Plumber Sutherland', 'Peter Honey', 'Peter Honey', 'Hour Emergency', 'Plumber Sutherland', 'Priority Plus', 'Sutherland Shire', 'Peter Honey', 'Hour Emergency', 'Plumber Sutherland', 'Peter Honey', 'Priority Plus', 'Sutherland Shire']",media/data/plumber in sydney/plumber in sydney_11.png
electrician in australia,"Electrician Ipswich, QLD Local - Quality assured Electricians",https://www.thermospark.com.au/,"Qualified Electrician team servicing Ipswich & Brisbane. All electrical services. Guaranteed workmanship. Reliable & Professional. Services: Residential electrial, Air Conditioners.",not found,not found,media/data/electrician in australia/electrician in australia_0.png
electrician in australia,Electrician Jobs 2023 | Indeed.com Australia,https://au.indeed.com/Electrician-jobs,We'll help you find what you want and what you need in your job search. Begin an easier...,not found,not found,media/data/electrician in australia/electrician in australia_1.png
electrician in australia,Schneider Electric™ - Licensed Electrical Contractor,https://www.se.com/au/en/partners/contractors/,Join our Partner Program Grow your business and streamline your work at the same time,not found,not found,media/data/electrician in australia/electrician in australia_2.png
electrician in australia,How to become an electrician - NECA Education and Careers,https://necaeducation.com.au/training-with-us/preapprenticeship/how-to-become-an-electrician/,NECA Education & Careers is the only Victorian RTO electrical industry owned and operated.,not found,not found,media/data/electrician in australia/electrician in australia_3.png
electrician in australia,Fisher Bros Electrical - Electrical Maintenance,https://fisherbros.com.au/,"From The Large Builder to the Smallest Maintenance Request, We are Here to Help You. Family Owed Business That Specialises in All Types of Electrical Works. Book Now.",not found,not found,media/data/electrician in australia/electrician in australia_4.png
electrician in australia,Electrical Contractors - Electrical Services Queensland,https://scholzelectrical.com.au/electrical/commercial-electrical-services/,"We specialise in residential, commercial & industrial electrical services",not found,not found,media/data/electrician in australia/electrician in australia_5.png
electrician in australia,Local Electrician In Melbourne - Top Electrical Contractors,https://www.laneelectrical.com.au/,Need Professional Electrical Services? Our Local Electricians Are Ready To Help. Call Now. Leading Electrical Contractors Offering Transparent Pricing & Free Estimates. Contact Now.,not found,not found,media/data/electrician in australia/electrician in australia_12.png
electrician in australia,Electrician Jobs (with Salaries) 2023 - Indeed.com Australia,https://au.indeed.com/q-electrician-jobs.html,Get connected to better opportunities with helpful job search tools and tips.,not found,not found,media/data/electrician in australia/electrician in australia_18.png
electrician in australia,"Electrician Needed - The Right Choice, Guaranteed",https://www.rfes.com.au/response/,Electrician Needed. Australia's Highest Rated Electrician. Quality Workmanship...,not found,not found,media/data/electrician in australia/electrician in australia_21.png
plumber in sydney,Plumbing Services | Commercial Plumbing Near Me | Killara...,https://www.killaraplumbing.com.au/plumbing-services,"Get fixed price home plumbing services on Sydney's North Shore. Book a plumber now. Blocked drains, hot water, toilet repairs, pipe relining & more. Get in touch today!",not found,not found,media/data/plumber in sydney/plumber in sydney_20.png
scholarships in australia,Scholarship opportunities - Study abroad in Australia,https://www.newcastle.edu.au/study/international/south-asia,Study at a top 200 university in the world. Internationally recognised degree programs. Up to 7 years post-study work opportunities in Australia. Scholarships available.,not found,not found,media/data/scholarships in australia/scholarships in australia_0.png
scholarships in australia,Study In Australia - Apply Now for 2023 Intakes,https://studyabroad.aeccglobal.com.np/study-in-australia-2023/?utm_source=Google&utm_details=Google_PPC&utm_campaign=20076898024&utm_content=150281349482&utm_term=,Australia’s universities offer the best international exposure. Register today with AECC.,not found,not found,media/data/scholarships in australia/scholarships in australia_1.png
scholarships in australia,40 Scholarships Available - Apply Now,https://education.nsw.gov.au/teach-nsw/get-paid-to-study/graduate-teacher-scholarship,Are you a final year teacher education student? Apply for the Graduate Teacher Scholarship,not found,not found,media/data/scholarships in australia/scholarships in australia_2.png
scholarships in australia,Applications open for 2023 - Meet Top Universities.,https://www.idp.com/nepal/australia-education-fair/,Great chance to directly meet Aus. universities and apply for the next intake. Scholarships...,not found,not found,media/data/scholarships in australia/scholarships in australia_3.png
scholarships in australia,Scholarship opportunity - Study abroad in Australia,https://www.newcastle.edu.au/scholarships/international-scholarships,"Study in Newcastle with more afforable cost of living compared to Sydney and Melbourne. Receive up to AUD$60,000 scholarship depending your course and length of study.",not found,not found,media/data/scholarships in australia/scholarships in australia_4.png
scholarships in australia,Find Out If You're Eligible - Explore Our Scholarships Today,https://scholarships.curtin.edu.au/,See If You Qualify For a Curtin Scholarship and Take the Next Step to Make Tomorrow Better,not found,not found,media/data/scholarships in australia/scholarships in australia_6.png
scholarships in australia,"Study in Sydney, Australia - Australia's No.1 Young Uni",https://utscollege.edu.au/au/future/articles/what-makes-sydney-a-top-study-destination,"Choose to study at UTS College, located in the heart of Sydney's vibrant city.",1800896994,[],media/data/scholarships in australia/scholarships in australia_7.png
plumber in sydney,Plumber Austral - Sydney's No.1 Plumbers On Call,https://fixnflow.com.au/,#1 Local Plumbing Specialists! 60 Minute* Response. Fixed Price Services. Book Online. Licensed & Certified Plumbers Providing Same Day* Burst Pipe Services....,not found,not found,media/data/plumber in sydney/plumber in sydney_24.png
plumber in sydney,"Blacktown Local Plumber - Blocked Drains, Plumber, Plumbing",https://blacktownlocalplumber.com.au/,From Hot Water Install To Servicing Blocked Drains. From Blocked Drains to hot water...,not found,not found,media/data/plumber in sydney/plumber in sydney_25.png
plumber in sydney,Plumber Sydney - #1 Local 24hr - Plumber Near You Now,https://plumbingservices.sydney/,"Open Now, we are an affordable plumber sydney team, 30yrs plumbing services Sydney Wide.",not found,not found,media/data/plumber in sydney/plumber in sydney_26.png
plumber in sydney,Our Services | Sydney Blocked Drain Group,https://sydneyblockeddraingroup.com.au/services/,Drainage Plumbers Providing Lasting Solutions So You Can Get Back To Your Day! Call Now. Ensure Your Drains Are Always Clear With Our Drainage...,not found,not found,media/data/plumber in sydney/plumber in sydney_29.png
plumber in sydney,Mr Splash Plumbing - Plumbing Sydney,https://www.mrsplashplumbing.com.au/,Keep Your Property Up To Date With Our Reliable Plumbers! Book Online & Receive 10% Off. Trusted 24/7 Plumbers Equipped With Latest Tech! 60 Min...,not found,not found,media/data/plumber in sydney/plumber in sydney_32.png
plumber in sydney,Plumber Prestons - Gas Leak? Get It Fixed ASAP,https://www.spsplumberseasternsuburbs.com.au/,"Broken Pipe? Be Charged Per Job, Not Per Hour With Our Local Plumbers! Request A Call Back. After Hours Plumbers Nearby To Help, Leaking Tap? Rely...",not found,not found,media/data/plumber in sydney/plumber in sydney_41.png
scholarships in australia,International Scholarships - The University of Canberra,https://www.canberra.edu.au/future-students/study-at-uc/international,Get Rewarded For Your Academic Performance. Set Yourself Up For a Global Future,not found,not found,media/data/scholarships in australia/scholarships in australia_11.png
plumber in sydney,Mr Splash Plumbing - Blocked Drains Cleared Fr $59*,https://www.plumbersonthego.com.au/,Trust The Experts! We're Trained For All Jet Blasting Services. Upfront Prices. Book Now,not found,not found,media/data/plumber in sydney/plumber in sydney_54.png
education scholarship in australia,Make A Difference - Financial Support Available,https://www.vic.gov.au/make-difference-early-childhood-teaching,Grab the opportunity to make a difference in the lives of children and their families. Make A...,1300161396,['Victorian Government'],media/data/education scholarship in australia/education scholarship in australia_2.png
electrician in america,"USA Electrical Jobs, Employment | Indeed.com",https://www.indeed.com/m/jobs?q=USA+Electrical,"On indeed.com there are thousands of jobs to find with one simple search! Apply to Electrician, Maintenance Technician, Maintenance Person and more. Easy Resume Upload.",not found,not found,media/data/electrician in america/electrician in america_0.png
electrician in america,Become an Electrician - Electrician School,https://ibt.edu/programs/electrician-training/,Prepare for the State of California Electrical Trainee (ET) certification. Take our...,not found,not found,media/data/electrician in america/electrician in america_1.png
electrician in america,"$50,000 to $68,000 Annually - Electrician Journeyman",https://gibsonelectrical.com/about-us/,"Friendly and Professional Work Environment. Electrical Troubleshooting, Problem Solving,",not found,not found,media/data/electrician in america/electrician in america_2.png
electrician in america,"Affordable Electrician - Dont worry , we will help you",https://ieaelectrician.com/,Professional Electricians Licensed in California and Working for over 32 Years. over 35...,not found,not found,media/data/electrician in america/electrician in america_3.png
scholarships in australia,Study in Western Australia - Prestigious Scholarships in WA,https://likenoother.wa.gov.au/study/,Be Future Career Ready with Cutting-Edge Programs & Access to Global Industry Connections,1103227153,[],media/data/scholarships in australia/scholarships in australia_19.png
plumber in sydney,Drains & Sewers Services in Sydney's North Shore | Killara...,https://www.killaraplumbing.com.au/plumbing-services/blocked-drains,"Get fixed price home plumbing services on Sydney's North Shore. Book a plumber now. Blocked drains, hot water, toilet repairs, pipe relining & more. Get in touch today!",not found,not found,media/data/plumber in sydney/plumber in sydney_64.png
electrician in canberra,CBR Electrical Contractors - Servicing Canberra & Surrounds,https://www.cbrelectricalcontractors.com.au/,"Electrical Specialist servicing Canberra and surrounding regions, Call Now for free quote! Get Your Electrical Work Expertly Completed by CBR Electrical Contractors. Get Directions.",0468554669,[],media/data/electrician in canberra/electrician in canberra_0.png
electrician in canberra,Canberra's Top Electricians - Canberra's Best Electricians,https://berkeleyelectrical.com.au/,"As Canberra's favourite local electricians, we offer knowledgeable service with a smile. Proud to serve Canberra's community. We care about the safety of your homes & businesses.",not found,not found,media/data/electrician in canberra/electrician in canberra_1.png
electrician in canberra,Certified Thermographer - Call Electrical Effect Today,https://www.electricaleffect.com.au/,Assure Your Business Against Electrical Faults. Book a Thermal Scan with Electrical Effect. Does Your Business Insurance Require a Thermal Scan of Your Switchboard? Let Us Help.,not found,not found,media/data/electrician in canberra/electrician in canberra_2.png
plumber in sydney,Plumber In Sydney - Honest & Upfront Pricing,https://www.willsonplumbers.com.au/,"There's No Job Too Hard for Our Experienced Team. We're Ready to Come and Help You Today. Emergency Plumbing, Hot Water, Blocked Drains, Leaking...",not found,not found,media/data/plumber in sydney/plumber in sydney_72.png
plumber in sydney,Same Day* Service Guarantee - $0* Call Out Fee. Book Now,https://akinproplumbing.com.au/,"24 Hour Trusted Gas Fitting Plumbers Same Day* Onsite Local Quotes, Request A Call Back",not found,not found,media/data/plumber in sydney/plumber in sydney_73.png
scholarships in newyork,Stony Brook University (SBU) - We Offer Generous Scholarships,https://www.stonybrook.edu/commcms/landing/scholarship-opportunities.php,Scholarships put top-tier education within your reach at New York’s #1 public university. Stand out with a world-class degree. We’ll help you find your place at SBU. Learn more.,not found,not found,media/data/scholarships in newyork/scholarships in newyork_0.png
scholarships in newyork,Study in New York - Find school in New York,https://americaeducators.com/,"Get Placement To One Of The Most High Ranking Schools In USA, Find schools in New York",not found,not found,media/data/scholarships in newyork/scholarships in newyork_1.png
scholarships in newyork,Fully Funded Fellowships - Browse Our Funded Programs,https://hertogfoundation.org/,Study the Fundamental Works of Political Philosophy with Leading Scholars. Engage In...,not found,not found,media/data/scholarships in newyork/scholarships in newyork_2.png
scholarships in newyork,Full Scholarships To Study Abroad - AFS-USA Scholarships,https://www.afsusa.org/study-abroad/scholarships/,Apply for full and partial merit-based scholarships for a variety of program destinations. AFS...,not found,not found,media/data/scholarships in newyork/scholarships in newyork_3.png
scholarships in newyork,Partial and Full Scholarships - Scholarships Available,https://www.brendansailing.org/scholarships.html,"We never turn down a child for financial reasons, apply for a student scholarship today! Building self-confidence with targeted instruction for youth with learning differences. LD Kids.",not found,not found,media/data/scholarships in newyork/scholarships in newyork_6.png
scholarships in newyork,"CUNY Master Degrees, NYC - Affordable Tuition",https://www.gc.cuny.edu/ma-info,The Graduate Center’s master's programs help students excel in a rapidly changing world.,not found,not found,media/data/scholarships in newyork/scholarships in newyork_7.png
scholarships in newyork,New York City Scholarships - Scholarship Opportunities,https://www.innercityscholarshipfund.org/scholarships/overview/,Our scholarship program gives kids the chance to attend a school they could not afford.,not found,not found,media/data/scholarships in newyork/scholarships in newyork_8.png
scholarships in newyork,Apply Now - In New York City,https://www.gc.cuny.edu/gc-info,"CUNY provides students with a top-quality, accessible education regardless of background.",not found,not found,media/data/scholarships in newyork/scholarships in newyork_10.png
plumber in sydney,Plumber Sydney CBD - Home - Dream Plumbing Pty Ltd,https://dreamplumbing.com.au/,Your Truly Local Neighbourhood Plumber! $0* Call Out Fee. Speedy Response Plumbing Team,not found,not found,media/data/plumber in sydney/plumber in sydney_8.png
"plumber Parramatta न्यू साउथ वेल्स, अष्ट्रेलिया","24 Hour, 7 Day Plumbers Sydney - Plumber Parramatta",https://cleanandclearplumbing.com.au/,5 Star Rated Plumbers Sydney! No Hidden Costs. $0* Call Out Fee. Request A...,not found,not found,"media/data/plumber Parramatta न्यू साउथ वेल्स, अष्ट्रेलिया/plumber Parramatta न्यू साउथ वेल्स, अष्ट्रेलिया_1.png"
plumber in sydney,Plumbers Sydney | Plumbing Services in Sydney,https://optimisedplumbingservices.com.au/,"Our friendly, reliable team have the experience and knowledge to fix your blocked drain. Using the latest technology, our fully licensed plumbers will unblock your drain fast.",not found,not found,media/data/plumber in sydney/plumber in sydney_12.png
furnitures in perth,Home | Muguet & Co - Muguet & Co,https://www.muguetandco.com.au/,Premium Quality Candles at Affordable Prices. Come in and Enjoy Our Selection. We Are Delighted To Inform You About Our Complimentary Gift Wrapping Service.,not found,not found,media/data/furnitures in perth/furnitures in perth_0.png
furnitures in perth,HS Furniture - Hs Furniture Design,https://www.hsfurniture.com.au/,"Uncompromising Quality And Natural Materials Inspire Mindful Living. Exquisite Furniture, Tailored To Your Space, Elevating Your Home.",not found,not found,media/data/furnitures in perth/furnitures in perth_1.png
furnitures in perth,Furniture Perth - Largest & Best Furniture Range,https://www.furniturebazaar.com.au/,"We offer one of the largest and best ranges of living, dining & bedroom furniture in Perth. For...",1654848652,"['Web Pixels', 'Web Pixels']",media/data/furnitures in perth/furnitures in perth_2.png
furnitures in perth,Shop Furniture At Myer - Stocktake Sale Is Now On,https://www.myer.com.au/c/home/all-furniture,"Shop Furniture At Myer, A Destination For Stylish Furniture & Quality Home Essentials. Shop Our Exclusive Stocktake Sale Duration Offers Online, Hurry While Stocks Last.",not found,not found,media/data/furnitures in perth/furnitures in perth_3.png
furnitures in perth,Affordable Prices - The Home of Furniture,https://www.amartfurniture.com.au/,"Amart Furniture Offers Year Round, Super-Easy Shopping Online or In-Store. Shop Amart...",not found,not found,media/data/furnitures in perth/furnitures in perth_4.png
furnitures in perth,Luxury Modern furniture - Luxury furniture Manufacturer.,http://www.sunweluxuryliving.com/products.php?id=288,"Each Luxury Villa, flats can highly customized to the owners taste and practical...",not found,not found,media/data/furnitures in perth/furnitures in perth_13.png
scholarships in sydney,Apply now for 2024 - Scholarships,https://www.queenwood.nsw.edu.au/Enrolment/Scholarships,"The student will be a very high academic achiever, with additional demonstrated strengths.",not found,not found,media/data/scholarships in sydney/scholarships in sydney_2.png
scholarship in america,Apply Online Today - Undergrad Programs,https://www.colostate.edu/,"CSU is committed to sustainability and are working to reduce our greenhouse gas emissions. At Colorado State, we observe and advance our world with curiosity and passion.",not found,not found,media/data/scholarship in america/scholarship in america_0.png
scholarship in america,Solutions - Scholarships Made Simple - Scholarship America,https://scholarshipamerica.org/partners/scholarship-solutions/,"We will customize a program to your needs, building in flexibility for the future. From...",1342177279,"['Scholarship Solutions', 'Scholarships Made', 'Scholarship America', 'Scholarship Solutions', 'Scholarship America', 'Providing Access', 'College Scholarships', 'Scholarship America', 'Scholarship America']",media/data/scholarship in america/scholarship in america_1.png
scholarship in america,Start Your Application Today - Get More Information Now,https://www.uccs.edu/journey/mba?utm_source=google&utm_medium=branded_mba&utm_campaign=uccs_fy23_cob-mba&utm_content=rsa,Get the prestige that comes with AACSB International accreditation at an affordable price.,not found,not found,media/data/scholarship in america/scholarship in america_2.png
scholarship in america,Saint Louis University - Start Your Application,https://www.slu.edu/admission/transfer/index.php,Looking for a seamless and affordable transition to a new college experience? Visit SLU!,not found,not found,media/data/scholarship in america/scholarship in america_3.png
scholarship in canada,Scholarships Study Canada Jobs 2023 | Indeed.com Canada,https://ca.indeed.com/q-scholarships-study-canada-jobs.html,"Thousands of Jobs added - find your perfect fit with one simple search! Whatever it is you're searching for, find it at Indeed.com. Find Jobs On-The-Go. Find Reviews and Salaries.",not found,not found,media/data/scholarship in canada/scholarship in canada_6.png
scholarship in canada,Full Scholarship To Study In Canada - Latest Results,https://www.discovertoday.co/ar?q=full%20scholarship%20to%20study%20in%20canada,Find Full Scholarship To Study In Canada. Now with us! Search For Full Scholarship To Study In Canada at Discovertoday.co. Schnelle Antwort. Suchergebnisse.,not found,not found,media/data/scholarship in canada/scholarship in canada_7.png
scholarship in canada,Apply Online & Get Started - Applications Open,https://www.4ccf.org/scholarships/,View dozens of local scholarship opportunities available for you through 4CCF. A charitable...,not found,not found,media/data/scholarship in canada/scholarship in canada_8.png
scholarship in canada,University of Tasmania - Scholarships Available,https://www.utas.edu.au/study/scholarships-fees-and-costs/international-scholarships,Choose from a wide range of courses that will help prepare you for a successful career,not found,not found,media/data/scholarship in canada/scholarship in canada_9.png
scholarship in canada,Scholarship In Canada - Explore the World Study Abroad,https://studyabroad.aeccglobal.com.np/study-in-canada-2023/?utm_source=Google&utm_details=Google_PPC&utm_campaign=20065688139&utm_content=154362708371&utm_term=,Get personalised counselling to study in Canada. Make informed decisions with confidence.,not found,not found,media/data/scholarship in canada/scholarship in canada_16.png
scholarship in canada,Apply for Scholarship In Canada - Book your free counselling,https://www.idp.com/nepal/md-education-fair/,"Scholarship In Canada discuss about Eligibility, Scholarships and post study work opportunities!",not found,not found,media/data/scholarship in canada/scholarship in canada_17.png
scholarship in canada,Affordable Canadian University - Now Accepting Applications,https://international.ufv.ca/study-in-canada/,Further your education at UFV. Over 70 programs available for international students.,not found,not found,media/data/scholarship in canada/scholarship in canada_22.png
scholarship in canada,Full scholarships in canada - Search Here,https://www.wefindanswers.co/ar?q=full%20scholarships%20in%20canada,Find Full scholarships in canada. Search Here Now. Search For Full scholarships in...,not found,not found,media/data/scholarship in canada/scholarship in canada_3.png
scholarship in canada,External Scholarship Opportunities,https://schulich.yorku.ca/student-life-services/financial-aid/external-opportunities/,Build for the Every Business. Earn Your Executive MBA from Canada's #1 Business School. External scholarship and award opportunities are updated on a regular basis. Read News.,416-736-5486,['Contact Directory'],media/data/scholarship in canada/scholarship in canada_4.png
scholarship in canada,Study In Canada Scholarships - Join Canada Admission Day,https://campaigns.aeccglobal.com.np/canada-virtual-fair-july-2023/?utm_source=Google&utm_details=Google_PPC&utm_campaign=20289673854&utm_content=149164168943&utm_term=study%20in%20canada,"Get free expert advice on universities, courses, scholarships etc, at Canada Admission Day",not found,not found,media/data/scholarship in canada/scholarship in canada_10.png
scholarship in canada,Bachelor's & Master's Degrees - Official Website,https://www.suu.edu/online/,Our 100% online degrees are designed to provide the flexibility & affordability you need.,not found,not found,media/data/scholarship in canada/scholarship in canada_17.png
scholarship in canada,Full Scholarship In Canada - Full Scholarship In Canada,https://search.visymo.com/ws?q=full%20scholarship%20in%20canada&asid=vis_au_sg_05&mt=b&nw=g&de=c&ap=,Search for Full Scholarship In Canada. Get the Best Results for Full Scholarship In Canada.,not found,not found,media/data/scholarship in canada/scholarship in canada_18.png
scholarship in canada,Current Scholarships 2023-2024 - Full Funded Scholarship...,https://global-scholarship.shoptorsi.com/,Study In Canada USA UK; Universities with International Scholarship 2023-24: Apply online,2147483647,"['Our Partners', 'Global Academy', 'Holistic Leadership']",media/data/scholarship in canada/scholarship in canada_19.png
scholarship in canada,Scholarship Programs Available - Apply For A Scholarship Today,https://catchabreakscholar.org/how-to-apply/,"We Select Scholarship Recipients Each Year And Provide Up To $11,000 Per Year. Read More! We Believe In The Value Of A College Experience And The Rewards Of A...",9999999999,['Word From'],media/data/scholarship in canada/scholarship in canada_20.png
scholarship in canada,Scholarships Available - Apply Now,https://iseusa.org/travel-study-abroad/high-school-study-abroad/,"Experience the academic, career, and personal benefits of studying abroad in high school.",not found,not found,media/data/scholarship in canada/scholarship in canada_21.png
scholarship in canada,Canada University Scholarship - Scholarships 2023,https://rcaffoundation.ca/portfolio-items/2023-student-scholarship-recipients/,Funding opportunity for students with future careers in aviation and aerospace industries,9999999999,[],media/data/scholarship in canada/scholarship in canada_22.png
scholarship in canada,See Scholarship Requirements - Apply For Scholarships,https://nasf.org/education/scholarships/,"NASF Scholarships Are Open To College Juniors, Seniors, As Well As Graduate Students.",not found,not found,media/data/scholarship in canada/scholarship in canada_23.png
scholarship in canada,5 Scholarships Available - Applications Are Now Open,https://www.sya.org/admissions/affording-sya/scholarships-financial-aid,Our Scholarships Help Provide Students With An Excellent Academic Experience. Learn More!,not found,not found,media/data/scholarship in canada/scholarship in canada_25.png
scholarship in canada,Scholarships To Apply To - Scholarship Opportunities,https://getschooled.com/journey/get-to-college/scholarships-for-college/,Let Get Schooled help you achieve your goals. We'll find scholarships best suited for you,not found,not found,media/data/scholarship in canada/scholarship in canada_26.png
scholarship in canada,Study in Canada & Scholarship - Canada Study 2023 Apply ASAP,https://goreto.edu.np/,Canada has revised Study Permit Application Policy Get updated guidance with Goreto Member,not found,not found,media/data/scholarship in canada/scholarship in canada_34.png
scholarship in canada,View The Scholarships We Offer - Explore Open Opportunities,https://www.aises.org/students/scholarships,AISES Offers A Variety Of Scholarship Opportunities For Undergraduate & Graduate Students.,not found,not found,media/data/scholarship in canada/scholarship in canada_39.png
scholarship in canada,Full Scholarship In Canada - Now,https://www.discovertoday.co/ar?q=full%20scholarship%20in%20canada,Find Full Scholarship In Canada. Now with us! Search For Full Scholarship In Canada at Discovertoday.co. Ergebnisse 24/7. Suchergebnisse. Attraktive Ergebnisse. Über 100.000 Ergebnisse. Spezialist Suchen. Immer verfügbar 24/7. Sofortige Antwort.,not found,not found,media/data/scholarship in canada/scholarship in canada_44.png
scholarship in canada,Historic college scholarship - Enroll today and learn more,https://www.battlecreekpublicschools.org/bearcatadvantage,Covering up to 100% of college tuition and fees through the Bearcat Advantage scholarship.,not found,not found,media/data/scholarship in canada/scholarship in canada_46.png
scholarship in canada,Find Scholarships Here - Apply For Scholarships Online,https://www.hillel.org/jewish-scholarships-portal/,Our Scholarship Portal Is Your One-Stop Shop For Hundreds Of Scholarships. Browse Today!,not found,not found,media/data/scholarship in canada/scholarship in canada_55.png
scholarship in canada,Scholarships Available - Apply For A Scholarship,https://www.kaileemillsfoundation.org/scholarships/,Encouraging Everyone to Buckle Up. Apply For Our Kailee Mills Foundation Scholarships.,not found,not found,media/data/scholarship in canada/scholarship in canada_57.png
scholarship in canada,Scholarship Opportunities - Eligibility & Requirements,https://thisispublichealth.aspph.org/financing-your-degree/,Tips for obtaining a scholarship and resources for prospective students of public health,not found,not found,media/data/scholarship in canada/scholarship in canada_70.png
plumber in sydney,Local Plumbers 24 Hours Sydney - Speedy Plumbers Nearby...,https://www.progeneralplumbing.com.au/,Need A Plumber Today? 24 Hour Speedy Plumbing Services. Competitive Prices. Call Us,not found,not found,media/data/plumber in sydney/plumber in sydney_3.png
scholarships in australia,Business School Australia - Master Hospitality Management,https://www.cordonbleu.edu/australia/masters-degrees/en,Take your career to the next level with a Master's degree from Le Cordon Bleu Australia.,888-289-6302,"['Great Vibes', 'Open Source', 'Windows Phone', 'Helvetica Neue', 'Noto Sans', 'Address Firefox', 'Noto Sans', 'Noto Sans', 'Noto Sans', 'Noto Sans', 'Noto Sans', 'Noto Sans', 'Noto Sans', 'Noto Sans']",media/data/scholarships in australia/scholarships in australia_6.png
plumber in sydney,Sydney Plumber - Available 24/7,https://optimisedplumbingservices.com.au/plumbing-services/sydney-plumber/,"Using the latest technology, our fully licensed plumbers will unblock your drain fast. We'll...",not found,not found,media/data/plumber in sydney/plumber in sydney_3.png
plumber in sydney,Strata Plumbing Sydney,https://optimisedplumbingservices.com.au/plumbing-services/strata-plumbing-sydney/,"Our friendly, reliable team have the experience and knowledge to fix your blocked drain. Same-Day Service Or It's Free, With Honest & Upfront Pricing. Local Plumber. 24/7 Plumber.",not found,not found,media/data/plumber in sydney/plumber in sydney_4.png
electrician in australia,Electrical Contractor Services - Residential Electrician,https://electricianmelbourne-maes.com.au/,Quality Electrical Services by Years of Experience. industrial electricians’ contractors. Electrical contractors. Residential Electrical Contractors. Call Us for free quote!,not found,not found,media/data/electrician in australia/electrician in australia_0.png
electrician in australia,Electrical Repair & Install - Electrical Maintenance Service,https://www.highgroundelectrical.com.au/,Skilled Australian Electricians fully qualified for all Industrial Electric Jobs. Call us.,not found,not found,media/data/electrician in australia/electrician in australia_1.png
electrician in australia,Electrical Contractor - Trusted Electrical Solutions,https://jenelectrical.com.au/,"At JEN Electrical Our Team Is Highly Qualified & Friendly, For All Your Commercial Needs.",not found,not found,media/data/electrician in australia/electrician in australia_2.png
electrician in australia,Brisbane Electrician - Professional Electrician,https://moranpowersolutions.com.au/brisbane-electrician-promo/,Brisbane's #1 Choice For Electrical Services. Over 17 Years Electrical Experience. 100...,not found,not found,media/data/electrician in australia/electrician in australia_3.png
electrician in australia,Melbourne Electricians - Reliable Electrical Companies,https://www.nationalon.com.au/melbourne/electrical-services/?utm_source=google+&utm_medium=cpc&utm_campaign=nonmadcampaignjune2023&utm_id=nonmadcampaignjune2023,"Experts in electrical, communications, maintenance and design for commercial spaces. For a Trusted Electrical Company with 40+ years experience. Contact us today!",not found,not found,media/data/electrician in australia/electrician in australia_1.png
electrician in sydney,Local Electricians Sydney - Find top electrician in Sydney,https://hqservices.com.au/electrical-services/,"Cheap deals for all types of electrical services by licensed-expert electricians in Sydney. Safety-inspection, lighting-wiring, heating, powerpoint, ceiling fan, smart homes services.",not found,not found,not found,not found,media/data/electrician in sydney/electrician in sydney_0.png
electrician in sydney,Electrician Jobs in Sydney NSW (with Salaries) 2023,https://au.indeed.com/m/jobs?q=electrician&aceid=&l=sydney+nsw,Start Your Search For Great Jobs At Indeed With Thousands Of Jobs Online Today.,not found,not found,not found,not found,media/data/electrician in sydney/electrician in sydney_2.png
electrician in sydney,Find Electricians Near Me - Australia's #1 Services Site,https://www.service.com.au/find/electrician,"Connect With Local, Verified Trades and Service Providers That Suits Your Needs. Find Now.",not found,not found,not found,not found,media/data/electrician in sydney/electrician in sydney_3.png
electrician in sydney,"Local Electrician - You Fry It, We Fix It",https://business.google.com/v/scr-electrical-pty-ltd/06515468042618897012/d10e/_?,A small family business providing quality workmanship and exceptional electrical services,not found,not found,not found,not found,media/data/electrician in sydney/electrician in sydney_11.png
electrician in sydney,Electricians Level 2 & Electrical Services,https://topelectriciansptyltd.com.au/test/,We are on-call 24/7. Priority for urgent and emergency faults. Quick response *within 1 hr,not found,not found,not found,not found,media/data/electrician in sydney/electrician in sydney_21.png
electrician in sydney,Call Us Now - Your local Electrician,https://www.brightsparxelectrical.com.au/,Bright Sparx Electrical and Security Pty Ltd Bright Sparx Electrical and Security. Your...,not found,not found,not found,not found,media/data/electrician in sydney/electrician in sydney_23.png
electrician in sydney,Electrician Jobs in Sydney NSW 2023 | Indeed.com Australia,https://au.indeed.com/q-electrician-l-sydney-nsw-jobs.html,Thousands of Jobs are Being Added. No Job Search is Complete Without Indeed.,not found,not found,not found,not found,media/data/electrician in sydney/electrician in sydney_29.png
electrician in sydney,$50-$80/Hr Electrician In Sydney - ServiceSeeking.com.au,https://www.serviceseeking.com.au/electricians/quotes,Don't Overpay for Electricians. Australia’s Largest Services Network. Stop Overpaying,not found,not found,not found,not found,media/data/electrician in sydney/electrician in sydney_30.png
electrician in sydney,Acent Labour Hire Solutions - Skilled Tradespeople,https://ascent.onmove.com.au/landing/,Expert construction crews that maximise efficiency for all big and small-scale projects.,not found,not found,not found,not found,media/data/electrician in sydney/electrician in sydney_4.png
electrician in sydney,Expert Electrician 24/7 - Central Coast Electrician,https://deltatechelectrical.com.au/,"Upfront pricing, licensed electricians & 100% customer satisfaction, we've got you covered",not found,not found,not found,not found,media/data/electrician in sydney/electrician in sydney_11.png
electrician in sydney,Glenmore Park - Call N&B Electrical Solutions,https://www.nbelectricalsolutions.com/,Do you live in Glenmore Park and need professional electrical service? N&B is here for you,not found,not found,not found,not found,media/data/electrician in sydney/electrician in sydney_39.png
"plumber Parramatta न्यू साउथ वेल्स, अष्ट्रेलिया",Qualified Plumber Parramatta,https://optimisedplumbingservices.com.au/parramatta/,We'll unblock your toilet or drain today! Call today for $49 off your first service.,not found,not found,not found,not found,"media/data/plumber Parramatta न्यू साउथ वेल्स, अष्ट्रेलिया/plumber Parramatta न्यू साउथ वेल्स, अष्ट्रेलिया_0.png"
plumber in sydney,Emergency Plumber Sydney | 24/7 Emergency Plumbing Services,https://optimisedplumbingservices.com.au/emergency-plumber/,Over 20 years of experience with all plumbing and blockages.,not found,not found,not found,not found,media/data/plumber in sydney/plumber in sydney_45.png
mobile phone repairs australia,Newcastle & Hunter Area - IT Services,https://www.hunterpacd.com/contact-us,"Get a Quick Response by Filling Out This Form. Shop 14 Junction Fair Shopping Centre. Open from 8:30 to 6PM, 5 Days. All Makes and Models. Fast and Reliable. Affordable Rates.",not found,not found,not found,not found,media/data/mobile phone repairs australia/mobile phone repairs australia_2.png
mobile phone repairs australia,Same Day Device Solutions - Family Run Zetland Store,https://www.go.spmobile.com.au/,Highly Qualified Staff Trained To Help Solve Device Issues. Contact Us Today. We've Got Your Devices Covered. Tell Us How We Can Help Today.,not found,not found,not found,not found,media/data/mobile phone repairs australia/mobile phone repairs australia_3.png
mobile phone repairs australia,Phone Technician Near Me - Home Phone Setup and Repair,https://www.phonedatapoints.com.au/phone-line-setup/,"Fast, Reliable, and Effective phone Installation and Repair Services by Phone Data Points.",not found,not found,not found,not found,media/data/mobile phone repairs australia/mobile phone repairs australia_4.png
mobile phone repairs australia,The Best Phone Shop Sydney - Find Cell Phones Repair Shop,https://themobileshop.com.au/landing-page-new/,We are a Premium Mobile Store in Bondi Junction. Walk-in or call today! Find latest Mobile...,not found,not found,not found,not found,media/data/mobile phone repairs australia/mobile phone repairs australia_5.png
maid service houston,Maid Brigade of SE Houston - Home Cleaning Services,https://www.maidbrigade.com/tx/clear-lake/home-cleaning-service-seh-ppc/,"Maid Brigade has over 25 years of experience in providing safe & healthy house cleanings. Trusted house cleanings and safe disinfection for homes in Deer Park,...",not found,not found,not found,not found,media/data/maid service houston/maid service houston_0.png
maid service houston,Maid Service Houston - Two Maids,https://twomaidscleaning.com/pearland/,"Our team has been professionally trained to deliver high-quality house cleaning services. Choose the cleaning option that works for you, and check cleaning off your to-do list.",not found,not found,not found,not found,media/data/maid service houston/maid service houston_1.png
maid service houston,The Maids of West Houston - We're the most requested maids,https://www.maids.com/services/cleaning-for-health/,"If you are like most, you want a clean home but can't find the time to keep it that way. You...",not found,not found,not found,not found,media/data/maid service houston/maid service houston_2.png
maid service houston,Best Maid Service in Houston - Personalized Cleaning Services,https://maidluxellc.com/,One-time or Recurring Cleaning Services Available from Houston's Best Maid Services.,not found,not found,not found,not found,media/data/maid service houston/maid service houston_3.png
"maid service Conroe, टेक्सस, संयुक्त राज्य अमेरिका",Conroe Maid Service - Maid Service Near Me,https://twomaidscleaning.com/conroe/,"Pick the home cleaning option that works for you, and check cleaning off your to-do list. Get your home cleaned, and get more time back in your day - call or book online today! Monthly Cleaning. Move-In/Move-Out Cleaning. Licensed, Bonded, Insured. Bi-Weekly Cleaning.",not found,not found,not found,not found,"media/data/maid service Conroe, टेक्सस, संयुक्त राज्य अमेरिका/maid service Conroe, टेक्सस, संयुक्त राज्य अमेरिका_0.png"
maid service dc,Pro Home Cleaning Service - House Cleaners Near Me,https://www.regalmaidservice.com/sterling-virginia/,"Licensed, bonded, and insured. We thoroughly train and background-check every employee. Since 1995, Regal Maid Service has been a trusted name in the house cleaning industry.",not found,not found,not found,not found,media/data/maid service dc/maid service dc_3.png
maid service dc,Maid Service Experts - 5-Star Rated Maid Services,https://belloscleaning.com/ad/,Our cleaners are eager for you to experience our 5-Star house cleaning! Get a...,not found,not found,not found,not found,media/data/maid service dc/maid service dc_4.png
maid service dc,First 2-Hour Cleaning for $9 - Maid Service - Starting At $9,https://www.dazzlingcleaning.com/deal,"Affordable, Top-Rated Cleaners with Next-Day Availability. Book Now! 100% Satisfaction...",not found,not found,not found,not found,media/data/maid service dc/maid service dc_5.png
maid service dc,Full Time Live In Maid - A Live In Maid,https://helpinghandshouseholdstaffing.com/nurses/,"Our Managers are focused on your privacy, & will take care of your home just as you would.",not found,not found,not found,not found,media/data/maid service dc/maid service dc_6.png
electrician in america,"American Electrician Jobs, Employment | Indeed.com",https://www.indeed.com/m/jobs?q=American+Electrician,"Search For Construction Job Opportunities By Experience, Location, Salary and More.",not found,not found,not found,not found,media/data/electrician in america/electrician in america_3.png
electrician in america,Licensed Electricians - Electrician in Sacramento,https://www.vitalityelectric.com/,"15+ years of experience electrical works. Electrical repair and Installation. EV charges. Hot tub, electrical panels, lighting fixtures. Quantity guarantee, safety first.",not found,not found,not found,not found,media/data/electrician in america/electrician in america_8.png
electrician in america,"Electrician Jobs, Employment in United States | Indeed.com",https://www.indeed.com/q-Electrician-l-United-States-jobs.html?vjk=c46036eb525e3dcf,Are you new job ready? Find your next job today!,not found,not found,not found,not found,media/data/electrician in america/electrician in america_15.png
gym in sydney,Impact Gym Erina - Best fitness gym,https://impactgym.com.au/,"At Impact, We Are More Than A Gym Membership, We Offer Complete Healthy Lifestyle Coaching. Inspiring Your Mental Performance Just As Much As Your Bodies Performance ...",not found,not found,not found,not found,media/data/gym in sydney/gym in sydney_0.png
gym in sydney,3 Weeks Free + No Joining Fee - Newly Refurbished,https://www.plusfitness.com.au/gyms/mona-vale/,"Plus Fitness Mona Vale Is Getting The Ultimate Glow Up! Get 3 Weeks Free + No Joining Fee! Brand New Cardio + Strength Gear, & We’re Adding Even More...",not found,not found,not found,not found,media/data/gym in sydney/gym in sydney_1.png
gym in sydney,Fernwood Gym Campbelltown - 24/7 Gym For Women,https://join.fernwoodfitness.com.au/offer/campbelltown/,"Women's 24/7 Gym Membership with Group Fitness, Yoga, Pilates, Weights, Cardio & More.",not found,not found,not found,not found,media/data/gym in sydney/gym in sydney_2.png
gym in sydney,Affordable Membership Options - State-of-the-art Gym in Sydney,https://www.mountieshealthandfitness.com.au/gym,Mounties health and fitness gym offers state-of-the-art equipment for a complete workout.,not found,not found,not found,not found,media/data/gym in sydney/gym in sydney_3.png
"gym Parramatta न्यू साउथ वेल्स, अष्ट्रेलिया",Snap Fitness 24/7 Kellyville - Brand New 24/7 Gym Coming Soon,https://snapnation.com.au/offer/maitland/,Brand New Snap Fitness Gym Coming to North Kellyville. Foundation Memberships On Sale Now! Affordable 24/7 Gym Membership. Start Your Fitness Journey at Snap Fitness...,not found,not found,not found,not found,"media/data/gym Parramatta न्यू साउथ वेल्स, अष्ट्रेलिया/gym Parramatta न्यू साउथ वेल्स, अष्ट्रेलिया_0.png"
"gym Parramatta न्यू साउथ वेल्स, अष्ट्रेलिया",Fernwood Fitness Parramatta - 24/7 Gym For Women,https://join.fernwoodfitness.com.au/offer/,"Women's 24/7 Gym Membership with Group Fitness, Yoga, Pilates, Weights, Cardio & More. Month-to-Month Memberships. 70+ Locations. Experts In...",not found,not found,not found,not found,"media/data/gym Parramatta न्यू साउथ वेल्स, अष्ट्रेलिया/gym Parramatta न्यू साउथ वेल्स, अष्ट्रेलिया_1.png"
electrician in america,Production Electrical Services - Electrical Maintenance,https://www.allphasela.com/,"Fully Licensed & Insured. Electrical Contractor in Louisiana, Texas, and Surrounding Areas. All Phase Electrical Service has over 40 years of industrial electrical experience.",not found,not found,not found,not found,media/data/electrician in america/electrician in america_20.png
electrician in america,Electric Bros. Co. - Residential Electricians,https://electricbro.com/,Honest & Reliable Electrical Contractor. Call And Schedule A Free Estimate Today.,not found,not found,not found,not found,media/data/electrician in america/electrician in america_23.png
"gym Parramatta न्यू साउथ वेल्स, अष्ट्रेलिया",Snap Fitness 24/7 Cronulla - Start For Just $4pw For 4wks,https://snapnation.com.au/4-for-4-weeks/cronulla,"Start your 24/7 Snap Fitness Gym Journey Today & Move Your Way with $4pw for 4 weeks. Discover our supportive community, state-of-the-art facilities, and friendly trainers.",not found,not found,not found,not found,"media/data/gym Parramatta न्यू साउथ वेल्स, अष्ट्रेलिया/gym Parramatta न्यू साउथ वेल्स, अष्ट्रेलिया_6.png"
plumber in sydney,Plumber Austral - SPS Plumbers Western Sydney,https://www.spsplumberswesternsydney.com.au/,"After Hours Plumbers Nearby To Help, Leaking Tap? Rely On Us For Fast Solutions! Call Us",not found,not found,not found,not found,media/data/plumber in sydney/plumber in sydney_18.png
"plumber Penrith न्यू साउथ वेल्स, अष्ट्रेलिया","Plumber Penrith - 24 Hours, 4.7 Rated Plumbers",https://spsplumbers.com.au/,"On Call 24 Hour Plumbers, Local Award Winners! $0 Call Out* Prompt Response....",not found,not found,not found,not found,"media/data/plumber Penrith न्यू साउथ वेल्स, अष्ट्रेलिया/plumber Penrith न्यू साउथ वेल्स, अष्ट्रेलिया_1.png"
plumber in sydney,#1 Local Plumbing Specialists - Sydney's Most Trusted Plumbers,https://fixnflow.com.au/emergency-plumber/,#1 Local Plumbing Specialists! 60 Minute* Response. Fixed Price Services. Book Online,not found,not found,not found,not found,media/data/plumber in sydney/plumber in sydney_20.png
electrician in america,"Foley Electric - Electrical Services, MA",https://www.foleyelectrical.com/,We Have Been In The Electrical Service Business With Over 12 Years Of Experience.,not found,not found,not found,not found,media/data/electrician in america/electrician in america_46.png
electrician in america,Electrical Engineering & Build - Commercial Fire Alarm System,https://www.amteck.com/,"Ask Us About Infrastructure Cabling, Business Video Surveillance, and Audio Visual Install",not found,not found,not found,not found,media/data/electrician in america/electrician in america_47.png
electrician in america,Aiello Home Services - Local Master Electricians,https://www.aiellohomeservices.com/electrical,"Offering Electrical Repair, Wiring, Lighting, Fuse Box & Circuit Breaker & More! Quality Service. BBB Rated. Family Owned & Operated. Call 24/7. Upfront Prices. 5 Star Rated.",not found,not found,not found,not found,media/data/electrician in america/electrician in america_51.png
electrician in america,Electrical Contractor - Local Electricians,http://offer.r7jelectrical.com/,Electrical Contractor With Years Of Experience. Call Now For Further Information!,not found,not found,not found,not found,media/data/electrician in america/electrician in america_53.png
electrician in america,Kingdom Electric - Request A Quote - Quality Electrical Solutions,https://kingdomelectric.pro/,We Take Pride in Providing Quality Electrical Solutions. Kingdom Electric – Your safety is...,not found,not found,not found,not found,media/data/electrician in america/electrician in america_58.png
electrician in america,Local Electrician - Outlet Installation and Repair,https://dadzelectrical.com/,"Contact us and we can continue the conversation, never in a rush and always with patience. We provide the electrical repairs, upgrades and installations you need. Contact Us now!",not found,not found,not found,not found,media/data/electrician in america/electrician in america_62.png
electrician in america,Licensed Electricians - Residential & Commercial,https://web.mrelectric.com/knoxville/home,"Neighborly Done Right Promise. If It’s Not Done Right, We Promise To Make It...",not found,not found,not found,not found,media/data/electrician in america/electrician in america_63.png
electrician in america,Commercial Electrical Services in RI & Massachusetts,https://askgem.com/commercial/electrical/,"We Are Here for All Your Maintenance, Repair or Installation Needs. Industry Leading Techs.",not found,not found,not found,not found,media/data/electrician in america/electrician in america_84.png
"Plumber, Urgent Gold Coast 4207 QLD",24/7 Plumbers Gold Coast - 24/7 Availability,https://qldcoastalplumbing.com.au/,"We Offer Residential Plumbing Services In The Gold Coast, Burleigh, Robina & Surrounding. Blocked Drains, Hot Water Systems, Leak Detection, Toilet Repairs,...",Not Found,Not Found,Not Found,Not Found,Not Found,"media/data/Plumber, Urgent Gold Coast 4207 QLD/Plumber, Urgent Gold Coast 4207 QLD_16.png"
"Plumber, Urgent Gold Coast 4207 QLD","Plumber Tamborine - We're On Call 24 Hours, 7 Days",https://plumbprofessor.com.au/,Industry Low Pricing On Burst Pipe Services! Fully Licensed Specialists. Get In Touch. Speedy Same Day Plumbers Equipped For Burst Pipes. Upfront Pricing....,Not Found,Not Found,Not Found,Not Found,Not Found,"media/data/Plumber, Urgent Gold Coast 4207 QLD/Plumber, Urgent Gold Coast 4207 QLD_17.png"
"Plumber, Urgent Gold Coast 4207 QLD",Local ‪Local Plumber‬ - No Callout Fee - Today Only,https://www.qldplumber.com.au/,Save Time & Money - 100% Guaranteed Satisfaction - Call Us To Book A Local Plumber Today,+61 7 3273 0800,Not Found,info@mpaq.com.au,Not Found,Not Found,"media/data/Plumber, Urgent Gold Coast 4207 QLD/Plumber, Urgent Gold Coast 4207 QLD_18.png"
"Plumber, Urgent Gold Coast 4207 QLD","Plumber Coomera - Affordable, reliable plumber",https://www.wyattsplumbingcoomera.com.au/,"Northern Gold Coast All Areas - general plumbing, gas, hot water, blocked drains",+61 415 190 349,Not Found,wyattsps@gmail.com,Not Found,Not Found,"media/data/Plumber, Urgent Gold Coast 4207 QLD/Plumber, Urgent Gold Coast 4207 QLD_19.png"
plumber in sydney,Affordable Plumbing Services - Allscope Plumbing - Call Now,https://allscopeplumbing.com.au/services/emergency-plumbing/,"From burst pipes to blocked drains, we have the expertise to solve your plumbing problem",Not Found,Not Found,Not Found,Not Found,Not Found,,media/data/plumber in sydney/plumber in sydney_3.png
Electrician Urgent Gold Coast 4207 QLD,24 Hour Electricians - 24hr electrician near me,https://vanumelectrical.com.au/24-hour-emergency-electricians/,We Have a Team of Emergency Electricians on Hand 24 Hours a Day for When You Need It Most. No Job Is Too Big or Small. Get in Touch with Our Brisbane 24 Hour Electricians...,Not Found,Not Found,Not Found,Not Found,Not Found,,media/data/Electrician Urgent Gold Coast 4207 QLD/Electrician Urgent Gold Coast 4207 QLD_7.png
Removalist  commercial  Melbourne 3000 MEL,House Removals Melbourne - Interstate House Moving,https://www.brillianceremovalistsmelbourne.com.au/lp1/,Melbourne’s leading Removalists operating right across all regions & suburbs....,+61 1300 112 715,Not Found,info@brillianceremovalistsmelbourne.com.au,Not Found,Not Found,,media/data/Removalist  commercial  Melbourne 3000 MEL/Removalist  commercial  Melbourne 3000 MEL_0.png
Electrician Urgent Brisbane 4000 QLD,LED Light Installation - Down Light Fitting - LED Lighting Installer,https://pacificpowersystems.com.au/landing-page-general/,"Whether you’re looking for help with repairs or installations, we have you covered. Renovations. EV Charging Stations. New Homes. We have the expertise to deliver the best electrical services for residential homes. Light Switches. Light & Power Installs.",Not Found,Not Found,Not Found,Not Found,Not Found,,media/data/Electrician Urgent Brisbane 4000 QLD/Electrician Urgent Brisbane 4000 QLD_0.png
Electrician Urgent  Parramatta 2150 NSW,Available 24/7 Sydney Wide - Servicing All Greater Sydney,https://cforceelectrical.com.au/,"Powerline works, emergency works, meter defects & more. Full service Level 2 electricians. CForce Electrical provides the highest standard of level 2 electrical work across Sydney. Fixed Fee Pricing. Licensed Experts. 24/7 Emergency Service.",Not Found,Not Found,Not Found,Not Found,Not Found,,media/data/Electrician Urgent  Parramatta 2150 NSW/Electrician Urgent  Parramatta 2150 NSW_0.png
Electrician Urgent  Parramatta 2150 NSW,24/7 Parramatta Electrician - 24/7 Call Out 1 Hour Response,https://electrician.sydney/electrician-parramatta/,"Electrician Parramatta Call Now Your Local Electrician. 24 Hours, 7 Days, After Hours. 24- Hours, 7 Days, After Hours, Emergency Services. Call Now Your Local Electrician.",Not Found,Not Found,Not Found,Not Found,Not Found,,media/data/Electrician Urgent  Parramatta 2150 NSW/Electrician Urgent  Parramatta 2150 NSW_1.png
Electrician cheap  Parramatta 2150 NSW,NSW Electrical Contractors - 45 Years Wide Experience,https://caslec.com.au/services/electrical-installations/,We Are Medium To Large Scale Electrical Installation Contractors. Call Us Now!,Not Found,Not Found,Not Found,Brain Cassidy,Not Found,,media/data/Electrician cheap  Parramatta 2150 NSW/Electrician cheap  Parramatta 2150 NSW_1.png
Electrician cheap  Parramatta 2150 NSW,Handyman Near Me - $20-$30/Hr - 10 Best Rated Handymen...,https://handymannearme.net.au/,Request A Quote From All Matching Businesses. Customers Report Saving Up To 40%...,DIRECT PUBLISHING PTY LTD,Not Found,+61 1300 300 030,Not Found,Not Found,,media/data/Electrician cheap  Parramatta 2150 NSW/Electrician cheap  Parramatta 2150 NSW_2.png
Electrician cheap  Parramatta 2150 NSW,24 Hours Licenced Electrician - 24H 7D Expert Electrician,https://izcoelectrical.com.au/emergency-electrician/,"24 Hour Licenced Electrician. Prompt Service. Trusted, Reliable & Affordable. Call Now",Not Found,Not Found,Not Found,Iman Zarepour,Not Found,,media/data/Electrician cheap  Parramatta 2150 NSW/Electrician cheap  Parramatta 2150 NSW_3.png
Electrician cheap  Parramatta 2150 NSW,$50-$80/Hr Affordable Electrician - Lowest Possible Price,https://www.serviceseeking.com.au/electricians/3,Don't Overpay for Electricians. Australia’s Largest Services Network. Stop Overpaying,support@serviceseeking.com.au,Not Found,Price Range · $,Daniel Sabados,Not Found,,media/data/Electrician cheap  Parramatta 2150 NSW/Electrician cheap  Parramatta 2150 NSW_5.png
Electrician Urgent Brisbane 4000 QLD,24/7 Local Electrician - 24/7 Brisbane Electrician,https://www.sparc-electrical.com.au/,Domestic & Commercial Electrician. 24/7 Emergency Callout Sparkies. Reliable &...,Not Found,Not Found,Not Found,Not Found,Not Found,,media/data/Electrician Urgent Brisbane 4000 QLD/Electrician Urgent Brisbane 4000 QLD_1.png
Electrician Urgent Gold Coast 4207 QLD,Book Your Electrical Job Now - Huge Range Of Services,https://electricalcontractorsgoldcoast.com.au/,"Smoke Alarms, Ceiling Fans, Lighting, Power Points, Air Conditioning Services. Call Your Local Electrician Patrik, Save Your Spot And Book Your Job Today....",Not Found,Not Found,Not Found,Justin Nisbett,Not Found,,media/data/Electrician Urgent Gold Coast 4207 QLD/Electrician Urgent Gold Coast 4207 QLD_2.png
"Electrician Urgent Yatala क्विन्सल्याण्ड, अष्ट्रेलिया",Fast Electrician Yatala - Electrical Offers [Click Here],https://electricianyatala.com.au/,Family Owned & Operated Electrical Business — 5-Star Service — See What Makes Us Different,Not Found,Not Found,Not Found,Not Found,Not Found,,"media/data/Electrician Urgent Yatala क्विन्सल्याण्ड, अष्ट्रेलिया/Electrician Urgent Yatala क्विन्सल्याण्ड, अष्ट्रेलिया_1.png"
"Electrician ASAP Gold Coast क्विन्सल्याण्ड, अष्ट्रेलिया",Local Electricians - No Job Is Too Big or Small,https://vanumelectrical.com.au/,"Our Technicians Are on Standby 24 Hours a Day, 7 Days a Week for When You Need It Most",Not Found,Not Found,Not Found,Harley Leo Van Maarseveen,Not Found,,"media/data/Electrician ASAP Gold Coast क्विन्सल्याण्ड, अष्ट्रेलिया/Electrician ASAP Gold Coast क्विन्सल्याण्ड, अष्ट्रेलिया_1.png"
"plumber Urgent Yarrabilba क्विन्सल्याण्ड, अष्ट्रेलिया",‪Plumber Yarrabilba - No Callout Fee - Today Only,https://www.qldplumber.com.au/areas/Yarrabilba,Licensed & Qualified Master Plumbers - ‪Local Plumber Yarrabilba - Family Owned Business. Save Time & Money - 100% Guaranteed Satisfaction - Call Us To Book A Local Plumber Today. Upfront Pricing. $0 Callout Fee. Fixed Upfront Prices. 100% Quality Guaranteed.,Not Found,Not Found,Not Found,Not Found,Not Found,,"media/data/plumber Urgent Yarrabilba क्विन्सल्याण्ड, अष्ट्रेलिया/plumber Urgent Yarrabilba क्विन्सल्याण्ड, अष्ट्रेलिया_0.png"
"plumber Urgent Yarrabilba क्विन्सल्याण्ड, अष्ट्रेलिया",OA Plumbing Service in Yarrabilba,https://oaplumbing.com.au/location/oa-plumbing-service-yarrabilba-4207/,"Leaking Pipes, Cisterns, Taps and Toilets. Full Range of Plumbing Services. Hot Water.",+61 1300 161 655,Not Found,sales@oaplumbing.com.au,Ondrave Arkadieff,Not Found,,"media/data/plumber Urgent Yarrabilba क्विन्सल्याण्ड, अष्ट्रेलिया/plumber Urgent Yarrabilba क्विन्सल्याण्ड, अष्ट्रेलिया_1.png"
plumber Urgent Brisbane 4000 QLD,No Callout Fee - $55 Off Today - Parker Plumbing Company,https://plumber.parkerplumbingcompany.com.au/areas/ipswich/Plumber-near-you-in-Ipswich?,Call The Plumber Ipswich Residence Have Trusted For Years. Call Our Friendly Team Today.,Not Found,Not Found,Not Found,Daniel Parker,Not Found,,media/data/plumber Urgent Brisbane 4000 QLD/plumber Urgent Brisbane 4000 QLD_0.png
plumber Urgent Brisbane 4000 QLD,"Plumber Brisbane Northside | 24/7 Plumbing, Gas Fitting",https://hewitttradeservices.com.au/plumbing-brisbane/,Fully Licenced & Qualified. Same/Next Day Service. No Job Too Small. Exceptional Quality. Best Value in Brisbane. Brisbane's Favourite Plumbers. Guarantee On All Workmanship.,+61 7 3634 0200,Not Found,enquiries@hewitttradeservices.com.au,Greg Stafford,Not Found,,media/data/plumber Urgent Brisbane 4000 QLD/plumber Urgent Brisbane 4000 QLD_1.png
plumber Urgent Brisbane 4000 QLD,"Emergency Plumber Morningside - We're Nearby 24 Hours, 7 Days",http://lwplumbing.com.au/,Hot Water Installs Same Day* Licensed Plumbers On Call 24 Hours. Request A Call Back. Reliable Local Plumbers Equipped For Hot Water Installs. Best Pricing. Get In Touch. Reliable Local Plumbers. 15+ Years Experience. Fixed Upfront Pricing. 60* Minute Response.,+61 429 479 267,Not Found,admin@lwplumbing.com.au,Jarod Lancaster,Not Found,,media/data/plumber Urgent Brisbane 4000 QLD/plumber Urgent Brisbane 4000 QLD_2.png
"plumber Urgent Fortitude Valley क्विन्सल्याण्ड, अष्ट्रेलिया",Bracken Ridge 24/7 Emergency Plumbing,https://plumberbrackenridge.com.au/emergency,"Local Plumber Brisbane — Your Local Plumber in Bracken Ridge. Call Us Today. Licensed & Qualified Plumbers — Local Bracken Ridge Plumber Near You — Family Owned. Plumber Bracken Ridge. Destinations: Bracken Ridge, Brisbane, North Lakes, Windsor, Scarborough.",tuesday in CPH,Not Found,"FIGHT DEBATE DIGITAL  :
“is it important to be in advance ? “
Live  !!!!TODAY .Thursday  11 am sharp  
on the  museum,s  instagram live… See more",Not Found,Not Found,,"media/data/plumber Urgent Fortitude Valley क्विन्सल्याण्ड, अष्ट्रेलिया/plumber Urgent Fortitude Valley क्विन्सल्याण्ड, अष्ट्रेलिया_0.png"
plumber ASAP Brisbane 4000 QLD,Local Plumber - No Callout Fee - $55 Off Today,https://plumber.parkerplumbingcompany.com.au/areas/ipswich,Ipswich's Leading Domestic & Residential Plumbing Company - See What Makes Us Different: Call The Plumber Ipswich Residence Have Trusted For Years. Call Our Friendly...,Not Found,Not Found,Not Found,Daniel Parker,Not Found,,media/data/plumber ASAP Brisbane 4000 QLD/plumber ASAP Brisbane 4000 QLD_0.png
plumber ASAP Brisbane 4000 QLD,Plumber Near Me - $50 Off — Book Online & Save,https://plumberwindsor.com.au/,Speedy Same Day Response On All Plumbing Services Nearby. Upfront Fixed Pricing. Call Now.,+61 3 9329 9622,Not Found,info@plumber.com.au,Not Found,Not Found,,media/data/plumber ASAP Brisbane 4000 QLD/plumber ASAP Brisbane 4000 QLD_2.png
"plumber ASAP Queen St, Brisbane City",0488 Plumber Brisbane - $0* Call Out Fee. Ready 24/7,https://www.0488plumbr.com.au/,"Blocked Drains Cleared From $29* Don't DIY - Call The Experts. Book An Onsite Free* Quote! Brisbane's #1 Local Plumbers! Specialising In Blocked Sewer Repairs From $29* Book Today. Ready 24 Hours, 7 Days. Book A Free* Quote. Not Happy? $100 Cashback*.",Not Found,Not Found,Not Found,0488PLUMBR PTY LTD,Not Found,,"media/data/plumber ASAP Queen St, Brisbane City/plumber ASAP Queen St, Brisbane City_0.png"
"plumber ASAP Queen St, Brisbane City",‪Plumber South Brisbane - No Callout Fee - Today Only,https://www.qldplumber.com.au/areas/South-Brisbane,Licensed & Qualified Master Plumbers - ‪Local Plumber South Brisbane - Family Owned Business,Not Found,Not Found,Not Found,Not Found,Not Found,,"media/data/plumber ASAP Queen St, Brisbane City/plumber ASAP Queen St, Brisbane City_2.png"
"Electrician Urgent Yatala क्विन्सल्याण्ड, अष्ट्रेलिया",Electrician Yatala - Knights Electrical Contracting,https://www.knightselectrical.net.au/Electrical-contractors/,Licensed Electricians Providing Local Powerpoint Repairs Same Day. Book an...,Not Found,Not Found,Not Found,Not Found,Not Found,,"media/data/Electrician Urgent Yatala क्विन्सल्याण्ड, अष्ट्रेलिया/Electrician Urgent Yatala क्विन्सल्याण्ड, अष्ट्रेलिया_3.png"
plumber Urgent Gold Coast 4207 QLD,Local Plumber in Brisbane - No Callout Fee - Today Only,https://www.qldplumber.com.au/need-a/plumber-near-you,"Your Local Plumber of Choice 2022 - Call Now for a $0 Callout Fee - Save $55 (Today Only) Qualified, Local Plumber with Fixed Price, Low Rates & Residential or Commercial Work.",+61 432 623 466,Not Found,Admin@a-listplumbing.com.au,Not Found,Not Found,,media/data/plumber Urgent Gold Coast 4207 QLD/plumber Urgent Gold Coast 4207 QLD_6.png
plumber Urgent Gold Coast 4207 QLD,24/7 Emergency Plumbing - 24 hr plumbers near me,https://provenplumbingandgas.com.au/plumbing-services/24-7-emergency-plumbing/,At Proven Plumbing & Gas Services Pty Ltd we specialise in all plumbing and gas services,"Jimboomba, QLD, Australia · Brisbane, QLD, Australia · Ipswich, QLD, Australia · Gold Coast, QLD, Australia · Browns Plains, QLD, Australia",Not Found,+61 7 3130 0927,Not Found,Not Found,,media/data/plumber Urgent Gold Coast 4207 QLD/plumber Urgent Gold Coast 4207 QLD_9.png
plumber Urgent Brisbane 4000 QLD,Coorparoo 24/7 Emergency Plumbing ‐ Coorparoo,https://plumbercoorparoo.com.au/emergency,Local Plumber Brisbane — Your Local Plumber in Coorparoo. Call Us Today. Licensed ...,tuesday in CPH,Not Found,"FIGHT DEBATE DIGITAL  :
“is it important to be in advance ? “
Live  !!!!TODAY .Thursday  11 am sharp  
on the  museum,s  instagram live… See more",Not Found,Not Found,,media/data/plumber Urgent Brisbane 4000 QLD/plumber Urgent Brisbane 4000 QLD_6.png
"plumber Urgent Spring Hill क्विन्सल्याण्ड, अष्ट्रेलिया",Plumbing Supply - Services in Townsville,https://plumbertoyourdoor.com.au/,"We Offer Competitive Prices, Free Quotes, Honest Plumbing Work & 24/7 Call Outs. Our...",Not Found,Not Found,Not Found,Not Found,Not Found,,"media/data/plumber Urgent Spring Hill क्विन्सल्याण्ड, अष्ट्रेलिया/plumber Urgent Spring Hill क्विन्सल्याण्ड, अष्ट्रेलिया_0.png"
plumber ASAP Gold Coast 4207 QLD,Dial-A-Plumber Services on the Gold Coast,https://www.goldcoastplumber.com.au/gold-coast,"1 Hour Response Time, Quality Service, Professional Plumber With 40 Years In GC.","Gold Coast, QLD, Australia",Not Found,+61 1300 390 361,Not Found,Not Found,,media/data/plumber ASAP Gold Coast 4207 QLD/plumber ASAP Gold Coast 4207 QLD_3.png
plumber ASAP Brisbane 4000 QLD,Local Plumber Near Me - $50 Off — Book Online & Save,https://plumberstoowong.com.au/,Speedy Same Day Response On All Plumbing Services Nearby. Upfront Fixed Pricing. Call Now.,+61 1300 273 762,Not Found,Info@professionalsaustralia.org.au,Not Found,Not Found,,media/data/plumber ASAP Brisbane 4000 QLD/plumber ASAP Brisbane 4000 QLD_7.png
plumber ASAP Brisbane 4000 QLD,Sandgate Plumber Near You - $50 Off — Book Online & Save,https://plumberssandgate.com.au/,Speedy Same Day Response On All Plumbing Services Nearby. Upfront Fixed Pricing. Call Now.,Not Found,Not Found,Not Found,Not Found,Not Found,,media/data/plumber ASAP Brisbane 4000 QLD/plumber ASAP Brisbane 4000 QLD_11.png
Electrician Urgent Gold Coast 4207 QLD,Emergency Electrician - Brisbane Emergency Electrician,https://moranpowersolutions.com.au/brisbane-electrician-promo/?title=Local%20Emergency%20Electrician,Brisbane's #1 Choice For Electrical Services. Over 17 Years Electrical Experience. 100...,+61 7 3820 3999,Not Found,info@moranpowersolutions.com.au,Martin Moran,Not Found,,media/data/Electrician Urgent Gold Coast 4207 QLD/Electrician Urgent Gold Coast 4207 QLD_9.png
plumber Urgent Brisbane 4000 QLD,Toowong 24/7 Emergency Plumbing ‐ Toowong,https://plumberstoowong.com.au/emergency,Speedy Same Day Response On All Plumbing Services Nearby. Upfront Fixed Pricing. Call Now.,Not Found,Not Found,Not Found,Not Found,Not Found,,media/data/plumber Urgent Brisbane 4000 QLD/plumber Urgent Brisbane 4000 QLD_8.png
Electrician Urgent Brisbane 4000 QLD,Upfront Fixed Pricing - 24 Hour Electricians Nearby,https://spanoselectricool.com.au/electrical-services/emergency-electrician-after-hours/,Electrical Emergency? Upfront Fixed Pricing. Available 24/7. 1 Hour Service. Call Now. Need an electrician now? We can be there within 1 hour. Upfront Fixed...,+61 7 3349 3134,Not Found,info@spanoselectricool.com.au,Julia Spanos,Not Found,,media/data/Electrician Urgent Brisbane 4000 QLD/Electrician Urgent Brisbane 4000 QLD_13.png
Electrician Urgent Brisbane 4000 QLD,Jetset Electrical - Licensed and Experienced,https://jetsetelectrical.com.au/brisbane-electricians/,Full Electrical Installation & Repairs. $0 Call Out Fee. Gold Standard Of Service. Best...,Not Found,Not Found,Not Found,Not Found,Not Found,,media/data/Electrician Urgent Brisbane 4000 QLD/Electrician Urgent Brisbane 4000 QLD_15.png
plumber Urgent Brisbane 4000 QLD,Available 24/7 - No Call Out Fees - An Affordable Plumber,https://www.parallelplumbinggas.com.au/plumber-capalaba/,"Looking For An Affordable, Reliable And Fully Qualified Plumber? Call Us Today For a Quote","Jimboomba, QLD, Australia · Brisbane, QLD, Australia · Redland Bay, QLD, Australia · Ormeau, QLD, Australia · Tamborine, QLD, Australia · Gold Coast, QLD, Australia",Not Found,+61 409 032 954,Benjamin Anderson,Not Found,,media/data/plumber Urgent Brisbane 4000 QLD/plumber Urgent Brisbane 4000 QLD_14.png
Electrician Urgent Gold Coast 4207 QLD,Electrical Company Gold Coast - Local Gold Coast Electricians,https://jetsetelectrical.com.au/gold-coast-electricians/,Best Electrical Service on the Gold Coast. 5 Star Service. 100% Satisfaction Guarantee. Full Electrical Installation & Repairs. $0 Call Out Fee. Gold Standard Of Service.,Not Found,Not Found,Not Found,Not Found,Not Found,,media/data/Electrician Urgent Gold Coast 4207 QLD/Electrician Urgent Gold Coast 4207 QLD_15.png
plumber Urgent Gold Coast 4207 QLD,24 Hour Plumbing - Get A Free Quote - Plumbers And Gas Fitters,https://www.shawspg.com.au/services/residential-plumbing/,Shaw’s Offers Modern Solutions To Suit Your Household’s Plumbing And Gas Requirements.,Not Found,Not Found,Not Found,Not Found,Not Found,,media/data/plumber Urgent Gold Coast 4207 QLD/plumber Urgent Gold Coast 4207 QLD_23.png
Electrician Urgent Gold Coast 4207 QLD,$40 Off When You Book Online - Electricians on the Gold Coast,https://www.fullyelectric.com.au/,"Servicing Gold Coast and Surrounding Areas, We can have an electrician at your door Today",Not Found,Not Found,Not Found,Not Found,Not Found,,media/data/Electrician Urgent Gold Coast 4207 QLD/Electrician Urgent Gold Coast 4207 QLD_21.png
plumber Urgent Gold Coast 4207 QLD,24Hr Emergency Plumber - Dr. Plumbing & Gas Gold Coast,https://www.drplumbingandgas.com.au/emergency-plumbing.html,$0 Call out fee & fixed pricing 24/7. Your emergency plumber on the Gold Coast. Open now. Call our team today to take care of your plumbing needs ASAP. Fast Response Times. Over 10 Years' Experience. 12 Month Warranty.,Not Found,Not Found,Not Found,Not Found,Not Found,,media/data/plumber Urgent Gold Coast 4207 QLD/plumber Urgent Gold Coast 4207 QLD_24.png
